{"file_hashes":[{"block_hashes":["IFsTUHRGhbQqmNKSfZh+pUmYvrhrpU95ufdZ8hrheU8="],"block_size":4096,"path":"credits.html"},{"block_hashes":["f5oW63UShSfTW7WgKqLMhYlLovi4MVrftP8O1XAfZqk=","GWCHtcP0viHpH3VPOvSUAkz65no/Cbf6xYVsT2F6RbI=","TZI4hq+k8ulhHqFBVHXmR7gQKR5WAL6uEyXwTqRkqjA=","+GA35eKisUq3qKKpUKGpRi/pj463BDWGlHCxKaD/O3U=","L7hfGwBGaciBW8Zd8N/g2fxoGVIMMPxJTyj7n/7g1ss="],"block_size":4096,"path":"icons/golden_icon.png"},{"block_hashes":["57MzrDgOJeS4NdF0zTwiBpqRJN2SOJkukgIkySu3e58=","P0m+/vAAeboVzmwpYs1gx2QIeKgwZ1zgcGi1gi/krT4="],"block_size":4096,"path":"icons/Icon_48x48_g.png"},{"block_hashes":["/eyV5/IT2MrebzIPT0D1dJGbpTwbpbP/oW+VDp6+QmM=","+MRjRu1jX7Sebrqq/paNZKpljK0Uw2cY+ewwR67yHno=","HJLIZUUF4+ecTiuKDJeVgewGQ1cTrxILwowfDmrEwfQ=","hPEa8IrxXVyfXmt1LRLlqpSUgxJisemRHzcRwPwTcNU=","piKcFzbLc+EBJeJ5zfD8V4kjbw+/V8bH1dWLt12/Jsw=","0vL4HkI3UElTY5K2D3EWRP+mV8uCbq9W2L1zNJf8Vx0=","CjzJD1XciM3QOL0xL/Vl2HMZpPVBo9LVpD7C0oaXQaE=","zm9bHsyj57/mZE6+5gdLeun0TMt0ZcVFbJFQHjSdsuo=","cYqa4bUSBEHskJkMpAhpx68p5GGrVQvjPNXeCa+k6d8="],"block_size":4096,"path":"js/background.js"},{"block_hashes":["2jnyvQ2X5hWkm0i02IyLEJVGgmkinZ+EntwxvU4B6+8=","K/EBEPVSGGco6cBLEKLV87kt69JBnMMBlbphO++OFZg="],"block_size":4096,"path":"js/content.js"},{"block_hashes":["sgCr0pqBWeOm8+OvIcNmVi1W7mpgqbzr16rX0rrR88E=","aWfAuyP+67sASoTWzUuLOY/9G0oI9yahHHOs1HvPUFs=","s/cah8AZZVwkcd00EqtBu6/ggaTm5NUhotyn6ybowoI=","xj6KTiiQ1JPjybJMBr52I90zgUTrQU4sKgTLyp3zpT0=","8pDQRXfrEWSwsdARZ6djER0R89uH7eLve5UtSOWmeso=","PUf5vE2Rekq/X0tmvfRahAZoh9qINUfHajNfsvc6O8A=","+fRGEeVCWDzL7J0N6JWbBxMBC/1yYTzfir3znWivZpc=","nkWpDzwOBOHvT6dWSYPTfuT1H4jEBPFjGoDwH6Bv/yg=","dsfmtcpW7y6igZIPBZ7GuLNRaZYR4nxxWQ33gr/f/Dk=","QsECezcdvaKfw4uNPO4Qfg6ovGQGqwOSaY4HZ/vV9Hw="],"block_size":4096,"path":"js/options.js"},{"block_hashes":["jo8lcOkh1frnOftvGnJD189CLujZsB3iEbyQxuw4yJE=","SyfE5O+snLlIkENKjmOZZMacp7rZiDk7GS+kLJzcUzs=","OBbpjjjQeQhba7ksokVFIirTbpNDmph4tfIesmnnTOY=","tsIOCI2rRM+5w5N0nqdkmA0csHnm6pGyq38cF31PUCU=","an+JJ6v0zxiCu6SnNs9KBNgicRq0EsEvkkD7VH3gKqw=","jjtqRv4phaT+v1me/eDo7VsJ6af9qlWGZUkXS+KVHB4=","CEKlUCkFN2eML5sBJ02hMCed62U7qH63mpDYtKymlJc=","e0xPhf35QnvUdNrbyRnHSTC4ZdxkwNSLYO9jcdXgrRM=","/+jw5mSxctEmYkvz/KnVIofGQVVyx2yUJ3Odja5u7sE=","p97HYE+7CQJffEZ+S7CWUyShmjl6rU4/I4Cd5Bv9u7A="],"block_size":4096,"path":"js/popup.js"},{"block_hashes":["A1JMdPHe0zpYh+IxLWb9jevZQZ8i2MHXSogKTSbvZJQ=","Rz0385Owq7+BuJ1Y/kr/uqzB4ALqma3zWHu2q2CmiTo="],"block_size":4096,"path":"js/supporters.js"},{"block_hashes":["YvMpCbLsYwKKGBS2QLwsT71mbk4xEN0D91VozD8t7nM="],"block_size":4096,"path":"js/war/attach_target.js"},{"block_hashes":["aoLZfhdFVDGihUQ+dKTcctCQKN3hLli7Beo6ncSnTxY="],"block_size":4096,"path":"js/war/prism_switch_dest.js"},{"block_hashes":["vbYdtRdQdfGJuFaMJ5HTSXfPBESMhD8x1umJExKSWR4=","TOr+f5wnQpsrKi4OZH14clVU3/ZKBin+5AasNNZC7zo=","CaqmtUyhGaYyDmLk2At2134hjwLzCfBg/9UeqAKE94g=","ryATOo79VcPApgxcClYOGpBkN0euWEBQKk18w+Mujas="],"block_size":4096,"path":"options.html"},{"block_hashes":["aunFD5sQOmZPFTZ4oURQ2CSuj91yfggO74N8KjoW7qY=","jghfEKr+j9MTomCnLTSiRfE+CzJl3NnypeIC221/VJA="],"block_size":4096,"path":"popup.html"},{"block_hashes":["Fq4vsOlYX7snCud6i2GnF7QV7aTI3SUPbcrqKz3T24I="],"block_size":4096,"path":"supporters.html"},{"block_hashes":["BAoWFx1YYwtx+B0Fw4lGP0jdxskv4xnTebuCoiDUPlY=","1qHn4kqL1mYof4/8+HN7+meHmr2QTzD8Fmaj0d0G49Y=","JXDGgQ8+MPb89N4Zuf41qX+t4H7ISXc5t+dyNiklG7U=","2McfGJCTG3Pt7/b4oktqmTF7thmDI8XpYON0IK5vyow=","b3e2vGA3sDbsuRISipKI5KKXe4hzvta+mGGZLKgGTjo=","Ai78wwjSqul6Oo9c+w49GY2pLPz8ErVVwi9MVKHU9Kk="],"block_size":4096,"path":"updated.html"}],"version":2}